customer_id,company_name,industry,revenue,employees,founded_year,country,is_active,credit_rating
1,Company 1 Corp,Technology,49864611,4516,1981,Canada,True,A
2,Company 2 Corp,Retail,28414694,530,1953,USA,True,B
3,Company 3 Inc,Retail,13443768,8938,2003,Canada,False,C
4,Company 4 Inc,Healthcare,46951341,6934,1993,UK,True,B
5,Company 5 Solutions,Technology,6324068,6234,1962,UK,False,C
6,Company 6 Inc,Education,30931481,8795,1965,Germany,True,C
7,Company 7 Solutions,Retail,13004268,1149,1955,Japan,True,C
8,Company 8 Corp,Healthcare,6878091,6237,1985,Germany,False,B
9,Company 9 Solutions,Finance,14159778,4384,1959,France,True,B
10,Company 10 LLC,Manufacturing,25564823,4432,1978,Japan,False,A
11,Company 11 Ltd,Technology,21269695,6582,1984,USA,True,C
12,Company 12 Ltd,Education,33602842,6492,2008,Canada,False,B
13,Company 13 Ltd,Education,37772777,8840,1983,Japan,False,D
14,Company 14 Solutions,Healthcare,9383286,8358,2013,USA,True,A
15,Company 15 LLC,Education,10836210,6926,1958,Germany,False,D
16,Company 16 Group,Retail,870478,1886,2018,Australia,False,C
17,Company 17 Corp,Finance,29276602,2601,2008,USA,False,B
18,Company 18 Corp,Education,20128290,8327,1975,Canada,False,B
19,Company 19 Inc,Retail,21853744,8015,1952,USA,False,C
20,Company 20 Ltd,Technology,16264618,9305,1960,USA,False,A
21,Company 21 LLC,Healthcare,44375128,7797,2020,Canada,False,D
22,Company 22 Ltd,Retail,49084844,3305,1989,Germany,False,D
23,Company 23 Services,Technology,16736664,3691,1958,UK,True,B
24,Company 24 Ltd,Technology,4864265,974,1979,USA,True,C
25,Company 25 Corp,Retail,16072220,4572,2012,Canada,True,D
26,Company 26 Ltd,Manufacturing,27417331,3129,1962,USA,False,C
27,Company 27 Systems,Manufacturing,31441494,897,1962,USA,False,C
28,Company 28 Corp,Healthcare,12957392,3126,2018,Germany,True,D
29,Company 29 LLC,Finance,31146444,4102,1959,Germany,True,A
30,Company 30 Inc,Technology,15963159,2734,2002,Germany,False,B
31,Company 31 Systems,Technology,11148610,6219,1950,Germany,False,D
32,Company 32 Group,Manufacturing,46847464,9115,2012,Canada,True,C
33,Company 33 Ltd,Technology,38968131,8893,1957,Japan,False,A
34,Company 34 Inc,Retail,32096735,8248,2017,Canada,True,A
35,Company 35 LLC,Technology,40032130,1123,1980,Germany,True,B
36,Company 36 Inc,Retail,5601813,6878,2016,UK,False,B
37,Company 37 Solutions,Healthcare,17925088,6494,1966,Japan,False,D
38,Company 38 Solutions,Technology,725149,7518,1962,USA,True,C
39,Company 39 LLC,Finance,4716506,4012,1997,UK,True,D
40,Company 40 Group,Retail,43987607,8676,1951,Japan,False,A
41,Company 41 LLC,Finance,7846286,1763,2020,Canada,False,C
42,Company 42 Ltd,Education,23110306,3345,1983,France,False,C
43,Company 43 Inc,Technology,42666108,6949,1985,USA,True,C
44,Company 44 LLC,Education,17679520,2657,2006,France,False,A
45,Company 45 Corp,Technology,46473541,2452,2019,USA,False,B
46,Company 46 Systems,Healthcare,2907087,5060,1996,Australia,True,C
47,Company 47 Ltd,Education,16845657,1694,1995,Australia,False,B
48,Company 48 Ltd,Healthcare,11981783,6765,1953,Canada,False,D
49,Company 49 Ltd,Finance,10783586,1781,1998,Australia,True,D
50,Company 50 Ltd,Healthcare,30990427,5738,1989,Australia,True,B
51,Company 51 Inc,Education,13060720,6538,1992,UK,True,C
52,Company 52 Solutions,Education,34285636,6558,2018,UK,True,A
53,Company 53 Group,Healthcare,39062717,4359,1954,USA,False,C
54,Company 54 Solutions,Manufacturing,40781987,8389,1964,Germany,True,C
55,Company 55 Inc,Education,29363324,37,2016,Australia,True,C
56,Company 56 Systems,Technology,44676236,5419,1990,Japan,True,C
57,Company 57 Group,Education,27506784,5354,2001,Japan,False,B
58,Company 58 Ltd,Manufacturing,44722658,6221,1972,France,False,D
59,Company 59 Inc,Finance,19354453,3453,2005,Australia,False,D
60,Company 60 Services,Manufacturing,45440576,3511,2015,Germany,True,A
61,Company 61 Group,Retail,44650476,5501,1961,Australia,True,C
62,Company 62 Ltd,Healthcare,9988757,410,1955,Canada,False,A
63,Company 63 Services,Manufacturing,42362839,9441,1974,Japan,False,D
64,Company 64 Systems,Healthcare,10003345,100,1963,Australia,False,B
65,Company 65 LLC,Education,34859556,7621,1956,France,True,A
66,Company 66 Services,Healthcare,31281679,8712,1990,Australia,False,D
67,Company 67 Services,Healthcare,31954862,7383,1983,Australia,True,C
68,Company 68 Services,Education,16155518,4509,2006,USA,False,B
69,Company 69 Group,Finance,21555345,8859,1960,Canada,True,B
70,Company 70 Systems,Education,10354587,3515,1958,Germany,False,C
71,Company 71 Services,Manufacturing,4278581,3398,2003,Germany,True,D
72,Company 72 Services,Technology,23706133,4902,1999,Australia,False,B
73,Company 73 Services,Healthcare,18416378,7150,2012,USA,False,C
74,Company 74 Systems,Education,11175964,7667,1966,France,True,D
75,Company 75 Inc,Technology,43234198,7032,1967,Australia,False,B
76,Company 76 Inc,Finance,25541229,5373,1977,Germany,False,C
77,Company 77 Systems,Finance,28390736,4143,1960,Germany,True,A
78,Company 78 Solutions,Healthcare,43730431,1134,1955,Australia,True,B
79,Company 79 Ltd,Technology,41797130,2506,1980,Canada,False,A
80,Company 80 Ltd,Manufacturing,47040299,4208,1997,Canada,True,B
81,Company 81 Group,Technology,38934875,430,1989,France,False,D
82,Company 82 Ltd,Technology,39835014,3988,1963,Japan,False,A
83,Company 83 Inc,Finance,35851928,7028,1997,USA,False,A
84,Company 84 Systems,Manufacturing,7182593,7112,1996,Japan,False,B
85,Company 85 Systems,Healthcare,49344169,8558,1984,France,False,D
86,Company 86 Systems,Education,39860298,4407,1991,Australia,True,A
87,Company 87 Group,Manufacturing,16465398,7623,1998,UK,True,D
88,Company 88 Solutions,Healthcare,32818922,3485,1995,Australia,False,C
89,Company 89 Group,Retail,47155644,4536,1951,France,True,A
90,Company 90 Ltd,Education,27374929,8014,1980,Japan,False,D
91,Company 91 Services,Technology,6344704,4830,1978,Germany,True,C
92,Company 92 Solutions,Manufacturing,37242941,8708,1994,Germany,False,C
93,Company 93 Services,Finance,20677120,4128,1979,USA,True,C
94,Company 94 Corp,Education,36061221,3043,1974,Canada,False,C
95,Company 95 Group,Technology,13127010,4863,1979,UK,True,C
96,Company 96 Inc,Education,35945199,2083,1985,USA,True,C
97,Company 97 LLC,Education,33042311,1690,1951,France,False,D
98,Company 98 Services,Manufacturing,22964388,3030,1956,UK,False,A
99,Company 99 Corp,Manufacturing,33100553,1223,1956,Canada,True,C
100,Company 100 Corp,Healthcare,8049149,9153,2003,France,True,D
101,Company 101 Services,Manufacturing,20055030,9652,2004,UK,True,A
102,Company 102 Ltd,Education,14261661,4345,1960,Canada,True,B
103,Company 103 Corp,Healthcare,279564,6703,2007,Japan,False,C
104,Company 104 Inc,Healthcare,19434391,4642,2008,USA,True,C
105,Company 105 Ltd,Manufacturing,7802507,8932,1978,Japan,True,C
106,Company 106 LLC,Technology,4102241,2728,1989,France,False,D
107,Company 107 Corp,Manufacturing,46316397,4992,2001,UK,False,D
108,Company 108 Corp,Retail,2775011,7088,1991,France,False,A
109,Company 109 Corp,Healthcare,45351397,9434,1952,Australia,False,A
110,Company 110 LLC,Manufacturing,34927073,7255,1985,Canada,False,D
111,Company 111 Corp,Manufacturing,23451271,6700,1992,UK,True,B
112,Company 112 Solutions,Manufacturing,46651652,8127,1986,Japan,False,A
113,Company 113 Services,Technology,21206889,4145,1991,USA,False,A
114,Company 114 Services,Manufacturing,3737574,3083,2016,UK,False,D
115,Company 115 Inc,Healthcare,18021840,9008,1966,UK,False,D
116,Company 116 Corp,Technology,42380079,9985,1980,Japan,True,C
117,Company 117 Inc,Retail,27479791,1537,1978,Australia,True,D
118,Company 118 Corp,Education,10432827,8175,1987,France,False,D
119,Company 119 Services,Manufacturing,16456504,7493,2020,Canada,False,B
120,Company 120 LLC,Technology,18638649,6808,1993,Australia,False,A
121,Company 121 Group,Education,20135743,9626,2012,Australia,True,D
122,Company 122 Services,Finance,22409667,9052,2019,Germany,False,C
123,Company 123 Ltd,Education,16125968,9378,1999,Canada,False,A
124,Company 124 Solutions,Education,31840898,6256,1999,Japan,True,D
125,Company 125 Inc,Healthcare,33808188,9679,1992,Australia,True,D
126,Company 126 Corp,Retail,30763924,261,1968,Germany,True,A
127,Company 127 Services,Finance,22820459,6522,1960,Australia,False,D
128,Company 128 Solutions,Education,48332309,8004,2019,USA,True,B
129,Company 129 Group,Healthcare,6165254,7120,1962,Australia,True,D
130,Company 130 LLC,Education,20196828,484,1955,UK,True,C
131,Company 131 Solutions,Finance,29002901,2395,1981,France,False,B
132,Company 132 LLC,Healthcare,5399476,9995,1998,France,True,D
133,Company 133 LLC,Healthcare,31047246,4171,2008,UK,True,D
134,Company 134 Group,Education,36781580,2598,1959,Germany,False,C
135,Company 135 Systems,Education,16883807,7494,1988,Canada,False,D
136,Company 136 Corp,Healthcare,25692924,9380,1995,France,False,C
137,Company 137 Inc,Education,26662073,4507,1951,France,True,D
138,Company 138 Group,Healthcare,40839442,5782,1978,Japan,True,C
139,Company 139 LLC,Education,6620560,655,1989,Australia,False,A
140,Company 140 Solutions,Education,8918897,1486,1987,UK,False,B
141,Company 141 Ltd,Healthcare,36299041,6004,2017,France,False,B
142,Company 142 Group,Manufacturing,19906607,5559,1964,Germany,True,B
143,Company 143 Ltd,Education,48701360,6521,1996,USA,False,A
144,Company 144 Group,Retail,8393899,7461,1997,Japan,False,D
145,Company 145 Solutions,Technology,45387514,3840,2010,USA,False,B
146,Company 146 Corp,Education,31256466,4961,2002,USA,True,A
147,Company 147 Inc,Finance,33159478,1912,1962,Canada,True,D
148,Company 148 Services,Finance,45095568,8860,2003,France,True,D
149,Company 149 Corp,Manufacturing,41415720,6696,1985,USA,False,B
150,Company 150 Services,Manufacturing,15945250,5952,1962,Japan,False,C
151,Company 151 Inc,Manufacturing,18614090,3119,1965,Australia,False,A
152,Company 152 Ltd,Education,43015643,9793,1952,USA,False,B
153,Company 153 LLC,Retail,13871113,1134,2020,Canada,True,B
154,Company 154 Solutions,Healthcare,40095650,56,1985,Australia,True,B
155,Company 155 Group,Healthcare,7477032,432,1966,USA,False,B
156,Company 156 Solutions,Technology,11793464,4357,1956,Canada,False,A
157,Company 157 Corp,Manufacturing,30183240,5941,2015,France,True,D
158,Company 158 Ltd,Retail,3010178,8553,1988,Germany,True,A
159,Company 159 Services,Manufacturing,28706738,1778,2012,Japan,False,A
160,Company 160 Corp,Finance,40922149,2440,1958,Canada,False,C
161,Company 161 Systems,Retail,35705066,4841,2008,France,False,A
162,Company 162 Corp,Education,43782277,9043,1977,Germany,False,B
163,Company 163 Systems,Finance,30533796,6542,2003,Japan,True,C
164,Company 164 Systems,Finance,44734633,4186,1997,Canada,False,A
165,Company 165 Corp,Technology,6356566,7085,1962,Japan,False,B
166,Company 166 Inc,Retail,37787426,9212,1992,Japan,True,D
167,Company 167 Solutions,Education,28482811,852,1986,France,False,C
168,Company 168 Corp,Retail,34151879,3495,1969,Japan,False,B
169,Company 169 Corp,Finance,37430344,6032,1964,Australia,False,B
170,Company 170 Systems,Retail,41823178,9131,1953,France,False,A
171,Company 171 LLC,Finance,47257316,5072,1993,UK,True,B
172,Company 172 LLC,Retail,44213651,6576,1958,Canada,True,A
173,Company 173 Ltd,Manufacturing,28274481,7442,1993,Canada,False,C
174,Company 174 Solutions,Retail,40111900,1401,1956,Canada,True,A
175,Company 175 Corp,Finance,29836808,6957,2012,France,False,D
176,Company 176 Group,Healthcare,34482978,1874,1994,Germany,True,C
177,Company 177 Services,Retail,44870508,5063,1955,Canada,False,A
178,Company 178 Inc,Healthcare,20327910,3470,1967,Australia,False,C
179,Company 179 Solutions,Technology,618745,8159,2005,Canada,True,D
180,Company 180 Ltd,Retail,37595303,5812,1959,Germany,True,D
181,Company 181 Inc,Manufacturing,5325271,5139,2004,France,False,D
182,Company 182 Group,Technology,27281258,351,1991,Canada,False,C
183,Company 183 Corp,Manufacturing,7204354,3996,2005,France,False,A
184,Company 184 Systems,Finance,22884350,3640,1992,Australia,True,A
185,Company 185 Corp,Retail,34322303,3186,1994,UK,True,B
186,Company 186 Corp,Healthcare,17277736,3242,1972,France,True,A
187,Company 187 LLC,Education,33259632,7611,2007,Japan,False,C
188,Company 188 LLC,Manufacturing,4682613,7692,2006,Japan,False,C
189,Company 189 Inc,Finance,34146802,1225,1989,Germany,False,A
190,Company 190 Inc,Finance,19365413,1267,1961,France,False,D
191,Company 191 Inc,Manufacturing,38463230,3094,1991,France,False,B
192,Company 192 Inc,Manufacturing,7045893,5636,1960,France,True,A
193,Company 193 Ltd,Education,29477460,7209,2017,France,True,C
194,Company 194 Solutions,Finance,26099085,6707,1993,Japan,True,C
195,Company 195 Corp,Finance,6442186,9151,1999,UK,False,B
196,Company 196 Solutions,Technology,39206986,2327,1994,UK,False,B
197,Company 197 Corp,Finance,37608625,6181,1992,Australia,True,A
198,Company 198 Systems,Retail,24381872,308,1996,UK,True,B
199,Company 199 Solutions,Manufacturing,12985253,3721,1967,Canada,True,C
200,Company 200 Corp,Retail,36323402,8636,1954,Japan,False,B
201,Company 201 Systems,Healthcare,10988226,2972,1971,Japan,False,A
202,Company 202 Systems,Finance,45489947,3901,2006,France,False,D
203,Company 203 Ltd,Retail,16150326,5080,2010,Australia,True,C
204,Company 204 Services,Manufacturing,19009380,6266,2014,France,False,B
205,Company 205 Ltd,Retail,9387768,4106,1956,Japan,False,C
206,Company 206 Corp,Education,34722092,2052,1986,USA,True,C
207,Company 207 Services,Retail,9988400,7177,1961,Canada,False,C
208,Company 208 Inc,Manufacturing,3674009,6505,2014,UK,True,D
209,Company 209 Corp,Finance,15168541,471,1990,USA,False,B
210,Company 210 LLC,Technology,19352150,7750,1967,Australia,False,D
211,Company 211 Inc,Technology,1375329,4203,1977,Australia,True,D
212,Company 212 Corp,Finance,16047765,4944,1965,USA,True,D
213,Company 213 Services,Technology,7539547,8199,2018,USA,True,B
214,Company 214 Group,Manufacturing,204980,5790,1980,France,False,B
215,Company 215 Corp,Retail,24299708,1118,2017,France,True,D
216,Company 216 Services,Technology,42759144,6348,1997,UK,True,C
217,Company 217 Corp,Finance,16281686,1708,1992,Canada,True,C
218,Company 218 Solutions,Education,11850032,7622,2011,Japan,True,B
219,Company 219 Corp,Education,30814356,615,1987,Canada,True,B
220,Company 220 Inc,Finance,20908840,8454,2000,Australia,False,C
221,Company 221 Inc,Education,12924734,4697,1995,Australia,True,C
222,Company 222 Group,Technology,24797348,7169,2001,Japan,False,D
223,Company 223 Solutions,Healthcare,33399634,8161,1997,Australia,False,A
224,Company 224 Systems,Technology,28997556,9880,1973,France,False,C
225,Company 225 Corp,Technology,22106332,4853,1989,Germany,False,B
226,Company 226 Services,Finance,30106363,703,1995,France,False,C
227,Company 227 Inc,Technology,45142388,6665,1996,France,True,A
228,Company 228 LLC,Retail,45605773,7189,1954,Canada,True,B
229,Company 229 Solutions,Finance,25792923,9303,1954,France,True,D
230,Company 230 Solutions,Finance,29892261,1269,1967,France,False,D
231,Company 231 Solutions,Education,18802553,4099,1964,USA,True,D
232,Company 232 Systems,Retail,8002806,4298,1983,Japan,False,B
233,Company 233 Group,Education,33063887,3289,1965,Canada,True,D
234,Company 234 LLC,Education,29970906,1448,1990,Japan,False,A
235,Company 235 Group,Finance,10669998,2862,1996,France,True,A
236,Company 236 Ltd,Healthcare,15987096,8104,1953,UK,False,D
237,Company 237 LLC,Retail,5885823,1087,1989,Germany,False,D
238,Company 238 Systems,Retail,5049326,2063,1990,Japan,True,D
239,Company 239 Services,Education,34819442,5654,1966,Australia,True,B
240,Company 240 Systems,Retail,3818693,2044,2016,Canada,False,B
241,Company 241 LLC,Finance,47702473,3704,1994,France,False,A
242,Company 242 Group,Healthcare,42717959,9034,1985,Canada,False,A
243,Company 243 LLC,Retail,39066527,2536,1971,Japan,False,A
244,Company 244 Inc,Technology,3150889,9459,1983,Japan,True,D
245,Company 245 Inc,Manufacturing,42188264,8948,1987,Japan,False,D
246,Company 246 Ltd,Education,27352408,4883,2008,USA,True,B
247,Company 247 Services,Manufacturing,32597543,7619,1976,UK,True,C
248,Company 248 Solutions,Education,23277425,6542,1966,Australia,False,A
249,Company 249 Solutions,Healthcare,31404444,2017,1984,Germany,True,B
250,Company 250 Corp,Technology,19575797,6303,2003,Canada,True,C
251,Company 251 Solutions,Healthcare,10793288,8173,2015,Germany,False,C
252,Company 252 Services,Technology,6143092,6452,2014,Germany,True,B
253,Company 253 Solutions,Technology,3491709,4619,2013,France,False,C
254,Company 254 Inc,Technology,29019073,2204,1983,Japan,False,D
255,Company 255 Solutions,Technology,26982577,848,1974,UK,False,A
256,Company 256 Systems,Retail,30322770,9018,1985,Australia,True,B
257,Company 257 Corp,Manufacturing,25144916,5565,1996,Australia,True,B
258,Company 258 Systems,Retail,2801461,752,1954,Canada,False,D
259,Company 259 Services,Healthcare,40785454,8456,1967,UK,False,B
260,Company 260 Systems,Retail,49714882,4912,1993,France,False,C
261,Company 261 Services,Technology,24820074,5437,1964,Germany,False,A
262,Company 262 Services,Finance,44095965,9487,1979,Japan,True,D
263,Company 263 LLC,Retail,42313169,6239,1968,Australia,True,A
264,Company 264 Corp,Healthcare,1370865,7235,1990,Germany,True,D
265,Company 265 Ltd,Manufacturing,33776536,7736,1957,Japan,True,B
266,Company 266 Solutions,Education,32202933,8619,1998,UK,True,D
267,Company 267 Solutions,Retail,23875797,4341,2011,Canada,True,C
268,Company 268 Group,Healthcare,20072575,4745,1976,Japan,False,C
269,Company 269 Services,Finance,37713685,4490,1986,USA,False,D
270,Company 270 Solutions,Healthcare,19591947,699,1986,Japan,True,C
271,Company 271 Services,Education,17309663,7859,1977,Canada,False,C
272,Company 272 LLC,Technology,41417386,9624,1980,Canada,True,B
273,Company 273 Ltd,Technology,6824171,6781,1992,Japan,False,A
274,Company 274 LLC,Technology,37033535,2597,2002,Japan,False,D
275,Company 275 Ltd,Finance,21653199,4686,1957,Australia,True,B
276,Company 276 Inc,Healthcare,28143786,2890,1954,Australia,False,D
277,Company 277 LLC,Education,19525799,623,1951,UK,True,C
278,Company 278 Group,Manufacturing,43137747,8911,2017,Germany,True,D
279,Company 279 Group,Healthcare,7659596,5427,1970,Japan,False,C
280,Company 280 LLC,Technology,49533590,5533,1987,France,True,B
281,Company 281 Systems,Manufacturing,34679899,5382,1961,Germany,True,B
282,Company 282 LLC,Manufacturing,21816540,4074,1950,UK,False,B
283,Company 283 Services,Finance,22220779,4957,1951,UK,False,B
284,Company 284 Inc,Education,8033935,7635,1989,Canada,False,C
285,Company 285 Corp,Education,19899638,6031,1978,Canada,True,D
286,Company 286 LLC,Manufacturing,40750452,6131,2003,Japan,False,B
287,Company 287 Ltd,Education,40084431,1351,2017,Germany,False,A
288,Company 288 Corp,Technology,36852118,8291,1975,France,True,B
289,Company 289 Solutions,Retail,29751417,1914,1976,Japan,False,A
290,Company 290 Services,Technology,30529326,2171,2015,Germany,False,A
291,Company 291 Services,Education,20780909,366,2000,UK,True,B
292,Company 292 Corp,Technology,28533850,5654,1958,France,True,A
293,Company 293 Services,Technology,19366331,6708,1973,Australia,True,D
294,Company 294 Solutions,Manufacturing,30200817,6194,1998,USA,True,C
295,Company 295 Corp,Healthcare,36154806,6449,2017,Canada,True,A
296,Company 296 Inc,Finance,31171665,8930,2004,France,False,B
297,Company 297 Ltd,Manufacturing,23330386,2551,1985,Canada,True,A
298,Company 298 Systems,Retail,1149971,3953,1976,USA,True,A
299,Company 299 Services,Retail,45198742,807,1981,Japan,True,D
300,Company 300 Services,Healthcare,36322667,3569,1957,Canada,False,B
301,Company 301 Solutions,Retail,40225575,5263,1980,UK,True,B
302,Company 302 Systems,Finance,18565267,1008,1972,Japan,False,D
303,Company 303 Inc,Finance,43272210,6254,2017,UK,False,D
304,Company 304 LLC,Finance,25363815,3022,2018,Germany,True,B
305,Company 305 Group,Education,9787281,7596,1957,France,False,D
306,Company 306 LLC,Manufacturing,16397959,4187,1976,UK,True,D
307,Company 307 Solutions,Technology,36045892,3130,1956,UK,False,A
308,Company 308 Corp,Healthcare,39532073,9166,1977,Germany,True,C
309,Company 309 Group,Technology,14314178,3123,1965,Japan,False,B
310,Company 310 Ltd,Manufacturing,16161228,9055,1991,Australia,False,D
311,Company 311 Services,Retail,43634952,5896,1989,UK,False,D
312,Company 312 Services,Technology,48580354,7702,1990,Canada,False,C
313,Company 313 Systems,Technology,37850395,3635,1968,USA,False,D
314,Company 314 Group,Healthcare,13266207,5414,1979,Germany,True,D
315,Company 315 Solutions,Finance,32890806,8047,2008,Canada,False,B
316,Company 316 LLC,Education,36778103,8010,1973,France,True,A
317,Company 317 Corp,Education,3355745,114,2002,Canada,True,A
318,Company 318 LLC,Technology,14778028,8295,2008,UK,True,D
319,Company 319 Services,Technology,543747,8729,2020,Germany,True,A
320,Company 320 Group,Retail,19339342,290,2014,Australia,False,B
321,Company 321 Corp,Technology,35290908,2449,1980,Canada,False,C
322,Company 322 Group,Manufacturing,5402891,6122,2001,Germany,True,B
323,Company 323 Group,Education,5510109,529,1961,Germany,False,D
324,Company 324 Services,Technology,42831440,164,1971,USA,False,D
325,Company 325 Solutions,Retail,6499624,8663,1955,Canada,True,D
326,Company 326 Group,Technology,5089413,4603,2019,France,True,B
327,Company 327 Solutions,Technology,14002145,9627,1968,Australia,False,A
328,Company 328 Group,Healthcare,37946594,3949,1999,Japan,False,D
329,Company 329 LLC,Education,48697794,1294,2014,Japan,False,A
330,Company 330 Corp,Manufacturing,15678920,1255,1993,France,False,C
331,Company 331 Inc,Education,18442666,7391,2012,Canada,False,D
332,Company 332 Systems,Healthcare,45713549,9608,1998,USA,False,B
333,Company 333 Corp,Technology,18083298,2536,1998,Japan,True,D
334,Company 334 Solutions,Finance,7250511,1509,1950,UK,False,C
335,Company 335 Group,Technology,8992394,1440,1973,Germany,False,D
336,Company 336 Corp,Technology,6114218,5808,2020,USA,False,D
337,Company 337 Inc,Finance,27870323,6363,1960,Japan,True,B
338,Company 338 Systems,Healthcare,9417398,4415,1988,UK,False,B
339,Company 339 Corp,Healthcare,29270630,4531,2003,UK,False,A
340,Company 340 Solutions,Finance,16648379,8133,1975,Germany,True,B
341,Company 341 Group,Technology,26654439,5453,1998,Australia,False,D
342,Company 342 Solutions,Manufacturing,43790343,9748,1967,UK,False,B
343,Company 343 Services,Finance,12021035,6534,1990,UK,False,B
344,Company 344 Solutions,Manufacturing,18910624,6447,1996,USA,True,B
345,Company 345 Inc,Education,31078942,3444,2006,Australia,False,A
346,Company 346 Systems,Education,33607671,2290,1988,Canada,False,B
347,Company 347 Systems,Manufacturing,5063716,7367,2011,France,False,D
348,Company 348 Inc,Finance,47185879,8806,1960,USA,True,C
349,Company 349 LLC,Education,41216118,735,2001,Australia,False,D
350,Company 350 Corp,Technology,6717374,4249,1978,France,True,D
351,Company 351 Solutions,Manufacturing,31175645,9653,2014,Canada,False,A
352,Company 352 Services,Technology,19926120,6825,1960,USA,True,C
353,Company 353 Group,Finance,30656855,3399,2016,Germany,False,D
354,Company 354 Corp,Manufacturing,48552193,7422,1990,USA,False,A
355,Company 355 Corp,Technology,23123571,1801,1971,Japan,True,B
356,Company 356 LLC,Finance,37670827,6995,2009,Canada,False,B
357,Company 357 LLC,Education,44211187,7090,2000,USA,True,D
358,Company 358 Systems,Manufacturing,398637,3529,1976,UK,True,A
359,Company 359 LLC,Finance,21976477,3238,2008,USA,False,D
360,Company 360 Solutions,Retail,26181139,6441,1964,UK,False,D
361,Company 361 LLC,Education,47478076,4883,1960,Japan,True,C
362,Company 362 Corp,Healthcare,20593705,1926,1973,UK,True,D
363,Company 363 Systems,Retail,9352117,9427,1999,Germany,True,D
364,Company 364 LLC,Retail,11298155,8032,1986,Canada,True,C
365,Company 365 Services,Retail,3697790,5892,1951,Germany,True,B
366,Company 366 Systems,Retail,34019371,8119,2002,Japan,False,D
367,Company 367 Services,Manufacturing,11324191,1364,1953,Australia,True,C
368,Company 368 Inc,Finance,15188986,8818,1986,Canada,False,D
369,Company 369 Corp,Retail,7764278,4399,2019,Australia,False,A
370,Company 370 Services,Retail,14766100,6975,1963,Japan,True,C
371,Company 371 Inc,Manufacturing,17737231,5721,1961,Germany,True,B
372,Company 372 Ltd,Education,39554904,5754,2004,Canada,True,B
373,Company 373 Ltd,Technology,38357041,5757,2018,UK,True,C
374,Company 374 Group,Finance,38535634,4390,2015,Japan,True,B
375,Company 375 Systems,Technology,18710867,2088,1966,Canada,True,C
376,Company 376 Ltd,Education,26453701,8029,1968,France,False,D
377,Company 377 Systems,Manufacturing,5167811,1535,2001,France,False,C
378,Company 378 Services,Manufacturing,22064011,9544,1950,Australia,True,D
379,Company 379 Solutions,Technology,35964618,6526,1977,Germany,True,D
380,Company 380 Group,Finance,19131609,5543,2020,France,True,D
381,Company 381 Solutions,Education,3348690,762,1962,Japan,False,A
382,Company 382 Corp,Healthcare,29714198,7489,1950,Germany,True,B
383,Company 383 Group,Healthcare,18489134,1539,1996,UK,True,C
384,Company 384 LLC,Technology,26698032,5015,1979,Germany,True,A
385,Company 385 Inc,Healthcare,32097956,1286,1966,France,True,D
386,Company 386 Inc,Technology,46780731,5639,1965,Australia,False,B
387,Company 387 Services,Technology,15464364,6286,1961,Japan,True,A
388,Company 388 Solutions,Finance,20182685,2256,1998,Australia,True,B
389,Company 389 Corp,Retail,37901833,148,1971,Germany,False,B
390,Company 390 LLC,Manufacturing,41444161,7258,1977,USA,True,B
391,Company 391 Corp,Retail,49090084,6301,1994,Germany,False,B
392,Company 392 Ltd,Finance,43359754,1390,1981,France,False,A
393,Company 393 Group,Healthcare,34845555,9953,2015,Canada,False,C
394,Company 394 Inc,Healthcare,33311352,6332,1964,Canada,False,A
395,Company 395 Inc,Finance,21338120,2172,1999,Australia,False,C
396,Company 396 LLC,Manufacturing,4998399,283,1958,USA,False,B
397,Company 397 Inc,Technology,26807651,8310,1986,Japan,False,D
398,Company 398 Systems,Technology,43085729,8801,2018,France,True,C
399,Company 399 Corp,Finance,5403047,8387,1976,Australia,True,C
400,Company 400 Systems,Retail,42666766,1093,1989,Japan,False,B
401,Company 401 Inc,Healthcare,5885642,7128,1964,Germany,True,C
402,Company 402 LLC,Technology,949931,2258,1951,Canada,False,C
403,Company 403 Group,Healthcare,25055735,2089,1984,Japan,True,A
404,Company 404 Solutions,Manufacturing,18352308,8592,1958,UK,True,D
405,Company 405 Services,Retail,24267505,918,2013,Australia,True,C
406,Company 406 LLC,Finance,7005831,9412,1964,Canada,True,A
407,Company 407 Inc,Healthcare,3185768,7739,1996,Germany,True,B
408,Company 408 Inc,Retail,48017124,6880,1978,UK,True,D
409,Company 409 Solutions,Finance,5326912,9374,1997,USA,True,B
410,Company 410 Ltd,Retail,3182215,6578,1958,Germany,False,C
411,Company 411 Solutions,Technology,37217335,7493,1951,UK,True,C
412,Company 412 Group,Education,41889865,3984,2009,UK,False,B
413,Company 413 Ltd,Healthcare,528012,6728,1953,Canada,False,A
414,Company 414 Solutions,Technology,44210914,6174,1989,USA,True,B
415,Company 415 Systems,Manufacturing,4119490,2342,1985,USA,True,B
416,Company 416 Systems,Education,25097513,7521,1960,France,True,B
417,Company 417 Systems,Technology,39821452,9313,1957,Germany,True,B
418,Company 418 Group,Finance,21239890,6448,1991,UK,False,C
419,Company 419 Ltd,Technology,13703814,2240,1963,Canada,True,B
420,Company 420 Services,Manufacturing,21174417,6670,1965,France,False,B
421,Company 421 Services,Finance,31194663,4351,1965,USA,True,C
422,Company 422 Inc,Healthcare,22097860,2440,1961,Japan,True,C
423,Company 423 Systems,Retail,3385020,4906,1983,Australia,True,A
424,Company 424 Systems,Manufacturing,37409425,9023,1981,USA,False,A
425,Company 425 LLC,Technology,902415,1020,1978,Canada,True,D
426,Company 426 Solutions,Education,42398552,1386,1983,Australia,True,A
427,Company 427 Corp,Healthcare,43451446,7275,1966,USA,False,A
428,Company 428 Inc,Manufacturing,3498238,2762,2005,Australia,False,D
429,Company 429 Inc,Manufacturing,45949642,7000,1972,UK,True,B
430,Company 430 Group,Finance,30031320,2445,1954,France,True,C
431,Company 431 Services,Manufacturing,37056090,7858,1957,USA,False,D
432,Company 432 LLC,Manufacturing,13485386,8624,1981,Japan,True,D
433,Company 433 Solutions,Manufacturing,36641971,7950,1994,France,False,D
434,Company 434 Group,Healthcare,1849056,5234,1978,USA,False,A
435,Company 435 Services,Retail,24086915,9578,1979,Canada,True,B
436,Company 436 Ltd,Finance,35915300,926,1978,France,False,C
437,Company 437 LLC,Healthcare,15974677,9717,1990,Australia,False,A
438,Company 438 Solutions,Retail,37922991,2338,1974,Australia,False,C
439,Company 439 LLC,Manufacturing,2647703,1488,1957,Canada,True,A
440,Company 440 Services,Technology,22362291,3310,1966,UK,True,C
441,Company 441 Inc,Technology,10012785,9621,1968,Australia,True,C
442,Company 442 Corp,Finance,47380745,6491,1962,UK,False,C
443,Company 443 LLC,Healthcare,49247312,7167,2012,Japan,False,B
444,Company 444 Solutions,Healthcare,44763074,9659,1972,Germany,False,C
445,Company 445 LLC,Healthcare,49011017,39,2000,Australia,True,B
446,Company 446 Solutions,Retail,14924029,9275,1963,Germany,True,C
447,Company 447 Corp,Healthcare,23374033,5244,1971,Japan,True,C
448,Company 448 Services,Technology,17898105,3445,1981,Japan,True,C
449,Company 449 Group,Technology,48446137,30,1956,Germany,False,D
450,Company 450 LLC,Manufacturing,33190172,6214,1994,France,False,A
451,Company 451 Services,Retail,43785827,3705,1970,Germany,True,A
452,Company 452 Group,Technology,21488729,4288,1963,USA,False,B
453,Company 453 Systems,Healthcare,49222687,1238,2020,USA,False,D
454,Company 454 Inc,Manufacturing,43964714,2713,2005,Canada,True,A
455,Company 455 Solutions,Healthcare,12849627,6715,2020,Japan,False,C
456,Company 456 Group,Healthcare,6536808,823,2000,France,False,B
457,Company 457 Inc,Finance,356058,7015,1961,UK,False,B
458,Company 458 Corp,Technology,13988379,2808,1987,USA,False,A
459,Company 459 Group,Manufacturing,31704547,8023,1983,USA,False,B
460,Company 460 Solutions,Manufacturing,24890126,3066,2007,USA,False,D
461,Company 461 Services,Finance,15282862,4410,1957,Canada,True,A
462,Company 462 Solutions,Retail,27882173,9672,1979,France,True,D
463,Company 463 Systems,Retail,46208348,7789,1980,Germany,False,A
464,Company 464 Systems,Education,2430589,8236,2016,Australia,True,A
465,Company 465 Services,Healthcare,11318238,3481,1974,Canada,True,D
466,Company 466 Corp,Education,29318746,3318,1968,Australia,False,C
467,Company 467 Corp,Technology,26144893,9125,2000,France,False,C
468,Company 468 Services,Technology,47103861,9636,2016,Australia,False,A
469,Company 469 Systems,Healthcare,10045516,9293,1962,USA,True,C
470,Company 470 Solutions,Manufacturing,17825909,6285,2012,France,False,A
471,Company 471 LLC,Finance,27143124,2366,2001,USA,False,C
472,Company 472 Ltd,Technology,31991352,4410,1997,USA,False,C
473,Company 473 Group,Finance,33092006,1619,1979,Canada,False,D
474,Company 474 Solutions,Finance,49008900,6838,1961,Canada,False,B
475,Company 475 Systems,Education,32611582,8472,1997,Australia,True,B
476,Company 476 Corp,Finance,47718396,8313,2001,Canada,True,B
477,Company 477 Ltd,Healthcare,3967317,4097,1954,Germany,True,C
478,Company 478 Ltd,Finance,24819679,7615,2014,Germany,True,A
479,Company 479 Ltd,Finance,32901922,9742,2007,Canada,False,C
480,Company 480 Solutions,Healthcare,17458373,1490,1986,USA,False,A
481,Company 481 LLC,Retail,14482676,3636,1978,Japan,True,C
482,Company 482 Systems,Retail,1445690,155,2010,Canada,True,A
483,Company 483 Ltd,Finance,40925266,5014,1985,Germany,False,C
484,Company 484 Services,Finance,14743761,7656,1988,Japan,False,A
485,Company 485 Inc,Retail,44549921,6141,1986,UK,True,D
486,Company 486 Corp,Finance,18654476,5337,1985,UK,False,B
487,Company 487 LLC,Retail,16226399,940,2001,Japan,False,B
488,Company 488 Inc,Education,33478125,4853,1983,Germany,False,D
489,Company 489 Inc,Retail,47617703,9382,1974,UK,True,D
490,Company 490 Solutions,Retail,20245733,2795,1973,UK,True,D
491,Company 491 LLC,Education,17457831,9169,1973,Japan,False,A
492,Company 492 Ltd,Finance,15087283,5041,2003,Australia,False,C
493,Company 493 Group,Retail,19833436,7608,1965,Germany,True,A
494,Company 494 Services,Healthcare,33686468,1973,1998,France,False,D
495,Company 495 Inc,Healthcare,9318426,3291,1993,Germany,False,B
496,Company 496 Solutions,Education,12203537,1334,2012,UK,True,C
497,Company 497 Inc,Technology,30436778,4491,1976,Australia,True,B
498,Company 498 Services,Technology,8784286,7115,2004,Germany,False,D
499,Company 499 Systems,Technology,2631703,8755,1975,Japan,False,A
500,Company 500 Solutions,Retail,12889386,303,1950,Japan,True,B
501,Company 501 Solutions,Finance,8752399,1692,1999,France,False,B
502,Company 502 Corp,Technology,20112014,4774,2008,Japan,False,D
503,Company 503 LLC,Finance,32995334,5895,1974,Canada,False,A
504,Company 504 Ltd,Healthcare,48899473,2159,1977,Japan,True,B
505,Company 505 Corp,Finance,47821790,622,1998,Japan,False,A
506,Company 506 Inc,Education,7355370,333,1956,Japan,True,D
507,Company 507 Services,Manufacturing,8394324,8976,1982,Germany,True,B
508,Company 508 Inc,Finance,28344205,1664,2016,UK,True,D
509,Company 509 Corp,Retail,48335584,1938,1986,USA,True,D
510,Company 510 Ltd,Retail,13504954,4318,2016,Canada,False,D
511,Company 511 Group,Healthcare,2744472,8990,2013,Canada,False,C
512,Company 512 Ltd,Technology,955597,1468,1964,Australia,False,B
513,Company 513 Corp,Retail,5136400,1669,1982,Japan,True,D
514,Company 514 Group,Finance,31257126,830,1962,Australia,True,A
515,Company 515 Group,Finance,45517033,5133,2004,Japan,True,A
516,Company 516 Inc,Technology,9387493,2803,1992,UK,False,C
517,Company 517 Corp,Finance,23099732,3006,1964,Germany,False,D
518,Company 518 Group,Manufacturing,46398568,7845,2003,Japan,True,A
519,Company 519 LLC,Education,48848624,970,1970,USA,False,D
520,Company 520 Services,Healthcare,41125202,6231,1995,France,True,B
521,Company 521 Services,Manufacturing,7679105,6748,2006,USA,True,C
522,Company 522 Solutions,Technology,47382769,8608,1978,Japan,False,A
523,Company 523 Systems,Education,48864788,4082,2011,UK,False,B
524,Company 524 Inc,Technology,43277756,2581,2014,Australia,False,D
525,Company 525 LLC,Technology,33093936,5263,1980,UK,False,A
526,Company 526 Ltd,Retail,43272294,6213,2001,Australia,True,A
527,Company 527 Services,Manufacturing,38555723,7351,1961,Australia,False,D
528,Company 528 Solutions,Technology,33478160,301,1963,Germany,False,A
529,Company 529 Inc,Technology,40647395,5000,2015,France,True,D
530,Company 530 Solutions,Finance,3742347,3662,2008,UK,False,C
531,Company 531 Services,Technology,6638887,3643,1950,UK,False,C
532,Company 532 Solutions,Education,7235164,760,1971,Germany,True,D
533,Company 533 Corp,Finance,41093568,3219,1974,USA,False,B
534,Company 534 Services,Healthcare,48202822,5546,1963,Australia,False,A
535,Company 535 Corp,Manufacturing,30794780,9665,2014,Canada,False,A
536,Company 536 Inc,Retail,29145412,9596,2011,France,True,B
537,Company 537 LLC,Technology,26098348,9849,1991,France,False,D
538,Company 538 Ltd,Finance,26800603,5627,1987,Germany,True,B
539,Company 539 Systems,Retail,47077163,8403,1988,Australia,False,B
540,Company 540 Ltd,Healthcare,41987177,4770,1994,Japan,True,B
541,Company 541 Solutions,Education,7844715,5781,2011,France,False,C
542,Company 542 Systems,Technology,35179815,1754,1953,Germany,True,A
543,Company 543 Inc,Healthcare,18016608,2646,1986,Japan,False,B
544,Company 544 Inc,Education,19906548,3352,2019,USA,False,D
545,Company 545 Corp,Retail,45433783,9215,1978,Japan,False,B
546,Company 546 Group,Education,44693408,779,1998,Germany,False,C
547,Company 547 Inc,Technology,16967217,3337,2006,Australia,True,C
548,Company 548 Ltd,Education,13085411,4829,2007,Canada,True,B
549,Company 549 LLC,Education,34583678,1965,1998,USA,False,C
550,Company 550 Group,Healthcare,10899752,9578,1982,USA,False,D
551,Company 551 LLC,Technology,10414859,5295,1956,Australia,False,D
552,Company 552 Solutions,Technology,47591705,5217,2017,Canada,True,A
553,Company 553 LLC,Manufacturing,36545492,8808,2001,USA,False,B
554,Company 554 Ltd,Education,22372325,5434,1996,UK,True,D
555,Company 555 Inc,Technology,44991700,5678,2007,Canada,True,A
556,Company 556 Solutions,Manufacturing,7708402,6332,1982,France,False,A
557,Company 557 Solutions,Retail,34240667,7310,2012,USA,False,B
558,Company 558 Solutions,Retail,5626109,1582,1971,Australia,True,A
559,Company 559 Ltd,Education,42346001,3502,2004,Australia,True,B
560,Company 560 Systems,Education,4939924,2529,1953,Germany,False,A
561,Company 561 Corp,Technology,3741868,2926,1982,France,True,B
562,Company 562 Group,Manufacturing,26140427,7401,2001,Germany,False,A
563,Company 563 Systems,Education,8039365,8772,1950,Japan,True,A
564,Company 564 Corp,Finance,33844816,1748,1987,Australia,False,A
565,Company 565 Group,Manufacturing,25696231,6483,1953,Germany,True,B
566,Company 566 LLC,Education,26339066,8951,1987,Japan,True,C
567,Company 567 Solutions,Technology,37246379,9104,1968,USA,True,A
568,Company 568 Systems,Retail,36843810,1404,1989,Canada,False,B
569,Company 569 Systems,Education,34496829,2343,1970,Canada,True,C
570,Company 570 Ltd,Technology,12270728,9304,1956,Australia,False,A
571,Company 571 Group,Education,4620638,4117,1962,Canada,False,C
572,Company 572 Solutions,Healthcare,45149882,3852,1962,UK,True,B
573,Company 573 Solutions,Manufacturing,30342339,5389,1989,Japan,True,C
574,Company 574 Solutions,Manufacturing,11417206,89,1990,Canada,True,D
575,Company 575 Group,Finance,9113111,5442,2011,Germany,False,C
576,Company 576 Group,Manufacturing,37122069,1793,1972,Japan,True,C
577,Company 577 LLC,Retail,13282323,4322,1959,Japan,True,A
578,Company 578 Inc,Retail,38949374,6647,1977,USA,False,D
579,Company 579 LLC,Finance,26440118,3668,1987,Canada,False,A
580,Company 580 Systems,Finance,33799875,183,1980,Australia,True,B
581,Company 581 Services,Healthcare,12122229,9289,1968,Japan,False,C
582,Company 582 Inc,Healthcare,32825110,3806,1958,UK,False,B
583,Company 583 Inc,Education,13976373,8495,1996,Germany,False,D
584,Company 584 Inc,Technology,43621759,5319,1963,Japan,False,C
585,Company 585 LLC,Manufacturing,43967407,6211,1996,France,True,C
586,Company 586 Systems,Healthcare,34753123,6659,1995,Australia,False,D
587,Company 587 Services,Retail,542763,8232,1967,Germany,True,B
588,Company 588 Corp,Retail,43283010,4610,1977,Canada,True,B
589,Company 589 Solutions,Retail,48237369,1948,1979,Germany,False,A
590,Company 590 Services,Education,32232706,7858,1976,France,True,D
591,Company 591 Inc,Healthcare,2995367,2105,1970,Canada,True,B
592,Company 592 Inc,Healthcare,17431511,2959,2016,Germany,True,C
593,Company 593 Corp,Healthcare,30245527,9947,2010,Australia,False,B
594,Company 594 Ltd,Manufacturing,40421603,2348,1973,France,False,B
595,Company 595 Solutions,Manufacturing,40132676,9686,1958,Canada,False,D
596,Company 596 LLC,Technology,1211499,3325,2016,Australia,False,B
597,Company 597 Corp,Healthcare,32035040,9837,1954,Australia,True,A
598,Company 598 Services,Education,8846220,9897,2019,Australia,True,D
599,Company 599 Systems,Finance,3015093,8690,2004,Canada,False,D
600,Company 600 Solutions,Retail,49854111,9449,1962,Germany,True,C
601,Company 601 Services,Healthcare,5724902,4651,2019,Germany,False,B
602,Company 602 Inc,Education,577417,9479,2016,USA,True,D
603,Company 603 Ltd,Education,21299805,6708,1996,USA,True,D
604,Company 604 Group,Finance,36077390,6949,1996,France,False,D
605,Company 605 Ltd,Manufacturing,37151135,9145,2011,Canada,False,D
606,Company 606 Group,Finance,38865512,5651,2000,Japan,True,A
607,Company 607 Ltd,Manufacturing,47029996,2660,1962,Canada,False,C
608,Company 608 Inc,Healthcare,26212305,96,1961,Australia,True,D
609,Company 609 Systems,Technology,4400366,4320,1978,UK,True,A
610,Company 610 Systems,Manufacturing,41302533,8546,1986,Japan,True,B
611,Company 611 Services,Manufacturing,818762,3314,2016,UK,True,A
612,Company 612 Ltd,Retail,11473804,600,1996,Canada,True,B
613,Company 613 Corp,Finance,26905541,5795,2000,Germany,True,A
614,Company 614 Corp,Technology,36982538,4671,1994,UK,False,B
615,Company 615 Ltd,Manufacturing,27209059,9429,1950,UK,True,D
616,Company 616 Corp,Retail,4957740,8253,1987,UK,True,C
617,Company 617 Group,Education,29813700,6188,2011,Australia,True,C
618,Company 618 Services,Education,31018425,9624,1953,Germany,True,C
619,Company 619 Corp,Manufacturing,42624323,3620,1979,Australia,False,D
620,Company 620 Solutions,Retail,36046991,169,1983,Canada,False,A
621,Company 621 Systems,Education,23050753,1255,2020,Canada,False,C
622,Company 622 Solutions,Healthcare,38601202,4418,1973,Japan,True,D
623,Company 623 Ltd,Healthcare,49453809,3975,1983,Canada,True,B
624,Company 624 Ltd,Retail,23992592,2565,1963,USA,True,D
625,Company 625 Inc,Retail,2936230,7911,1997,France,False,D
626,Company 626 Group,Manufacturing,12372322,8384,1985,Germany,True,B
627,Company 627 Inc,Retail,28498851,7846,2019,USA,False,D
628,Company 628 LLC,Manufacturing,8177771,8500,2008,UK,True,A
629,Company 629 Ltd,Manufacturing,39090801,1660,1991,UK,False,B
630,Company 630 Group,Healthcare,18179680,7732,1993,UK,True,D
631,Company 631 Systems,Healthcare,28224851,6109,1996,Australia,False,C
632,Company 632 Services,Healthcare,38446657,2158,1979,Australia,True,C
633,Company 633 Ltd,Retail,29105709,6250,1975,Canada,True,D
634,Company 634 Inc,Healthcare,28387773,8195,1967,Australia,False,D
635,Company 635 Group,Finance,37824472,9313,1956,Germany,True,B
636,Company 636 Inc,Healthcare,17165091,7817,1962,Germany,False,C
637,Company 637 Solutions,Finance,37704454,9143,1982,UK,True,D
638,Company 638 Corp,Finance,45706234,9931,1975,France,True,C
639,Company 639 Solutions,Finance,45277206,8373,2012,Australia,False,A
640,Company 640 Systems,Retail,19328271,7608,1968,Australia,True,C
641,Company 641 Systems,Education,41191437,9375,2001,Australia,True,A
642,Company 642 LLC,Finance,15415446,5146,1990,Japan,False,C
643,Company 643 Systems,Finance,29956625,5960,2016,Germany,False,B
644,Company 644 LLC,Technology,8491286,3854,1982,Japan,True,B
645,Company 645 LLC,Manufacturing,7012838,1575,1958,Germany,True,A
646,Company 646 Systems,Retail,5686893,1712,1983,France,True,A
647,Company 647 Systems,Finance,15491817,4063,1986,Germany,True,B
648,Company 648 LLC,Technology,2459210,5856,1991,Australia,False,D
649,Company 649 Group,Retail,29953038,2223,2019,Canada,False,D
650,Company 650 Group,Finance,32423097,8851,1979,Australia,True,D
651,Company 651 Group,Finance,27762529,4266,1969,UK,True,A
652,Company 652 LLC,Finance,19344288,7697,2018,USA,False,D
653,Company 653 Group,Technology,28986024,4809,1979,Australia,True,C
654,Company 654 Ltd,Manufacturing,37718166,7171,2000,Canada,True,D
655,Company 655 Systems,Healthcare,17748307,1307,2004,Japan,True,C
656,Company 656 Group,Education,49956979,8725,1984,Germany,True,A
657,Company 657 LLC,Healthcare,19534411,1818,2008,France,False,C
658,Company 658 Services,Healthcare,21618036,327,1969,USA,True,B
659,Company 659 Corp,Finance,18165379,2058,2006,Japan,True,B
660,Company 660 Corp,Healthcare,1088167,8096,1977,UK,False,C
661,Company 661 Services,Finance,31217337,529,1992,USA,True,A
662,Company 662 Group,Manufacturing,4890545,8909,2010,Canada,True,C
663,Company 663 Systems,Technology,8284701,4088,1999,Australia,False,B
664,Company 664 Inc,Healthcare,31026088,1549,2016,Japan,True,D
665,Company 665 Systems,Education,21045304,5303,1970,Japan,True,A
666,Company 666 Group,Manufacturing,42950352,4905,1975,UK,True,B
667,Company 667 Corp,Healthcare,42573801,7123,1991,USA,True,C
668,Company 668 Corp,Manufacturing,16413449,156,1955,France,False,B
669,Company 669 Solutions,Technology,16791468,2593,2013,USA,False,A
670,Company 670 Inc,Finance,43356689,2531,2018,Australia,True,B
671,Company 671 Services,Healthcare,21356031,9158,1994,Australia,False,B
672,Company 672 Inc,Education,25451644,5878,1967,UK,True,D
673,Company 673 Services,Retail,19877961,8902,2012,Canada,True,C
674,Company 674 Solutions,Education,31533437,4520,2020,Canada,True,B
675,Company 675 Services,Finance,17773070,8883,1996,Germany,True,D
676,Company 676 LLC,Technology,41689685,5975,1980,UK,True,D
677,Company 677 Ltd,Retail,45950398,8161,2020,Canada,False,C
678,Company 678 Systems,Education,21710668,1819,1962,France,True,A
679,Company 679 LLC,Healthcare,2198746,3320,1963,Germany,True,A
680,Company 680 Inc,Retail,43167225,6376,2012,France,False,A
681,Company 681 Solutions,Healthcare,40764859,1171,1951,Canada,False,A
682,Company 682 Services,Education,4173520,5923,2003,Australia,False,A
683,Company 683 Group,Retail,2828186,1163,1988,USA,True,A
684,Company 684 Corp,Education,15603355,8720,1999,Canada,True,B
685,Company 685 LLC,Retail,37556249,6812,1963,Australia,False,D
686,Company 686 Systems,Technology,11294383,2965,2020,Germany,False,B
687,Company 687 Services,Finance,21249693,9022,1991,Australia,False,D
688,Company 688 Systems,Education,21806423,9978,1980,France,True,D
689,Company 689 Group,Finance,30460283,7341,2000,USA,True,C
690,Company 690 Inc,Retail,9165448,4955,1950,UK,True,B
691,Company 691 Solutions,Technology,46386270,4531,2020,France,True,A
692,Company 692 Inc,Manufacturing,23967653,2567,1967,UK,False,B
693,Company 693 Ltd,Finance,20252955,1515,2001,France,True,A
694,Company 694 Solutions,Manufacturing,11703289,8009,1962,France,False,A
695,Company 695 Systems,Technology,3852909,5488,1994,Australia,False,D
696,Company 696 Corp,Healthcare,43907269,9878,1951,Japan,False,A
697,Company 697 Group,Retail,2863694,5241,2019,France,True,C
698,Company 698 Ltd,Healthcare,3490327,6446,2007,Australia,True,B
699,Company 699 Systems,Finance,26562528,2435,1966,UK,True,D
700,Company 700 Inc,Retail,26889274,4311,1960,Germany,False,B
701,Company 701 LLC,Manufacturing,37633731,3255,2012,Germany,True,B
702,Company 702 Ltd,Technology,17968210,7056,1991,Japan,True,A
703,Company 703 Systems,Manufacturing,24612696,5716,1974,UK,False,A
704,Company 704 Group,Healthcare,23569070,7255,1968,Germany,True,B
705,Company 705 Ltd,Education,25186688,2565,1960,USA,True,B
706,Company 706 LLC,Finance,1021625,5634,1964,UK,False,D
707,Company 707 Inc,Finance,14126392,8824,1977,Canada,False,D
708,Company 708 LLC,Education,46992669,311,1998,France,True,C
709,Company 709 LLC,Technology,19159826,3298,1984,USA,False,A
710,Company 710 Corp,Manufacturing,44416870,4455,1996,Australia,True,A
711,Company 711 Group,Education,26039134,3797,1998,France,True,C
712,Company 712 Services,Retail,35772431,1452,1973,Canada,False,A
713,Company 713 Inc,Healthcare,35628463,5005,1992,Germany,False,B
714,Company 714 Inc,Finance,46023357,5775,1995,Japan,False,B
715,Company 715 Group,Technology,42096214,4231,1999,Australia,True,C
716,Company 716 Ltd,Healthcare,23036880,6446,1967,USA,False,B
717,Company 717 Systems,Healthcare,38546571,2512,2004,UK,False,D
718,Company 718 LLC,Healthcare,43886698,2280,2019,Japan,True,B
719,Company 719 Group,Education,47420901,8592,1967,Germany,True,B
720,Company 720 Solutions,Technology,37502474,8742,1965,Canada,False,B
721,Company 721 Inc,Finance,27885764,6747,1988,Germany,False,B
722,Company 722 Ltd,Technology,8927894,3036,1953,Australia,False,B
723,Company 723 Ltd,Healthcare,46229149,437,1995,USA,False,B
724,Company 724 Services,Education,43691807,6136,1973,Australia,False,D
725,Company 725 Services,Healthcare,11091517,3176,1978,USA,False,A
726,Company 726 Group,Manufacturing,15035360,3333,1976,USA,True,D
727,Company 727 Services,Education,21903376,7506,1981,Germany,False,A
728,Company 728 Systems,Education,21098195,6467,2018,France,True,A
729,Company 729 Services,Manufacturing,2946483,4035,2016,France,False,A
730,Company 730 Systems,Retail,42422107,817,1974,UK,False,D
731,Company 731 Group,Finance,31060484,2737,2004,UK,True,B
732,Company 732 Services,Education,30412945,1491,2014,USA,True,B
733,Company 733 Systems,Manufacturing,21807095,7397,1953,Canada,False,B
734,Company 734 Services,Technology,16882738,5319,1970,Japan,True,A
735,Company 735 Corp,Education,30258617,5956,1960,France,False,B
736,Company 736 Systems,Retail,25642104,729,1971,UK,True,B
737,Company 737 LLC,Healthcare,47884698,850,2003,UK,False,D
738,Company 738 Group,Education,12226305,1936,1966,Canada,True,C
739,Company 739 Inc,Manufacturing,33495223,8179,2019,Australia,True,D
740,Company 740 Ltd,Healthcare,39617881,7804,2008,Germany,False,A
741,Company 741 Inc,Healthcare,36831473,4566,1976,USA,True,B
742,Company 742 Inc,Education,23522324,611,1968,Australia,True,C
743,Company 743 Solutions,Technology,3390439,1794,2003,Canada,True,C
744,Company 744 LLC,Manufacturing,38953770,5911,1954,USA,False,C
745,Company 745 Solutions,Manufacturing,4641033,7011,2020,USA,False,D
746,Company 746 LLC,Technology,46715121,4506,1992,France,False,B
747,Company 747 Ltd,Retail,4004701,1800,2017,USA,False,C
748,Company 748 Systems,Retail,21339187,4264,2017,France,False,B
749,Company 749 Services,Retail,49034759,8164,2013,Australia,True,B
750,Company 750 Group,Healthcare,206093,1946,1953,Germany,True,B
751,Company 751 Systems,Manufacturing,3152929,5478,1994,France,True,A
752,Company 752 Ltd,Education,18999648,4178,1958,UK,False,C
753,Company 753 Inc,Technology,46125660,5470,1993,Germany,True,B
754,Company 754 Ltd,Finance,22778558,7859,2010,Australia,True,B
755,Company 755 Services,Healthcare,42190712,7556,2018,UK,False,D
756,Company 756 Inc,Retail,20188618,9266,1990,France,True,B
757,Company 757 Solutions,Finance,4543481,2456,1985,Australia,True,C
758,Company 758 Systems,Education,35954465,2729,1999,Canada,True,C
759,Company 759 Solutions,Education,2222533,4458,2002,USA,False,B
760,Company 760 Solutions,Manufacturing,20409068,3551,2017,UK,True,A
761,Company 761 Solutions,Technology,13662594,1527,2006,France,True,D
762,Company 762 LLC,Healthcare,22924791,7931,2017,UK,False,B
763,Company 763 Corp,Retail,45513728,2184,1976,Japan,True,D
764,Company 764 Systems,Education,35153971,1907,1950,UK,True,A
765,Company 765 Solutions,Manufacturing,3196387,1699,2016,Australia,False,A
766,Company 766 Group,Education,14182505,5267,1975,Canada,False,C
767,Company 767 Solutions,Manufacturing,45138372,1937,1984,Canada,True,C
768,Company 768 Corp,Technology,41905128,9178,2015,USA,True,C
769,Company 769 Solutions,Finance,9599717,4651,1981,Canada,True,C
770,Company 770 Solutions,Retail,29872689,841,1966,USA,False,A
771,Company 771 Corp,Manufacturing,3710448,1420,2004,Germany,True,D
772,Company 772 Solutions,Finance,22402429,3256,2018,USA,False,B
773,Company 773 Corp,Education,31525464,1603,2008,UK,False,D
774,Company 774 Ltd,Healthcare,9744998,4237,1996,Germany,True,C
775,Company 775 Solutions,Manufacturing,32816023,505,1958,Germany,True,C
776,Company 776 Services,Manufacturing,11562297,4634,1994,France,True,A
777,Company 777 Systems,Education,7279393,5349,1959,Australia,False,D
778,Company 778 Systems,Retail,27845616,3918,1981,France,True,D
779,Company 779 Systems,Technology,22964940,3421,2005,Australia,False,C
780,Company 780 Ltd,Healthcare,44567155,1286,2012,USA,False,C
781,Company 781 Corp,Manufacturing,11922837,5056,2001,USA,True,D
782,Company 782 Solutions,Manufacturing,43384486,1017,1961,Canada,True,A
783,Company 783 LLC,Education,10113745,7431,2018,UK,False,D
784,Company 784 Ltd,Healthcare,45835817,5197,1988,France,False,D
785,Company 785 Solutions,Technology,39206145,143,2015,Germany,True,C
786,Company 786 Inc,Finance,36935057,880,1950,Japan,False,A
787,Company 787 Group,Technology,15886767,7083,2000,Japan,False,D
788,Company 788 Systems,Manufacturing,29305109,8941,1977,Japan,True,D
789,Company 789 LLC,Healthcare,37373711,6311,1996,Australia,False,B
790,Company 790 Group,Education,8525461,2210,1951,USA,True,B
791,Company 791 Services,Education,29408797,2234,1960,Canada,False,D
792,Company 792 Systems,Retail,12165997,7454,2015,Germany,False,D
793,Company 793 Solutions,Healthcare,12568225,6969,1950,France,False,B
794,Company 794 Group,Manufacturing,36752597,9452,1996,USA,True,D
795,Company 795 Solutions,Technology,39041178,7899,1960,Canada,False,D
796,Company 796 Corp,Retail,41041145,1459,1981,Germany,True,C
797,Company 797 Inc,Finance,36005474,186,2010,Germany,False,C
798,Company 798 Systems,Finance,19871475,4748,1971,USA,False,C
799,Company 799 Inc,Education,31853265,9482,1971,France,True,C
800,Company 800 Inc,Finance,32631705,1361,1966,France,True,C
801,Company 801 Group,Healthcare,41425488,4613,1985,Australia,False,A
802,Company 802 Corp,Retail,11818136,9705,1969,Japan,False,C
803,Company 803 LLC,Finance,47128205,3879,2012,Canada,True,C
804,Company 804 Corp,Healthcare,40066287,2535,2013,Australia,False,D
805,Company 805 Ltd,Education,29640315,2750,1976,France,False,A
806,Company 806 Group,Technology,3624772,2755,2009,Germany,False,C
807,Company 807 Services,Education,35836868,3838,1998,Japan,False,D
808,Company 808 Group,Healthcare,35697368,7132,1951,UK,False,D
809,Company 809 Solutions,Retail,45927053,682,1962,France,False,D
810,Company 810 Group,Finance,18241278,4385,1962,UK,False,D
811,Company 811 Ltd,Education,45189764,9655,1974,France,False,B
812,Company 812 Solutions,Retail,809876,148,1958,USA,False,A
813,Company 813 Corp,Education,30026674,5769,1978,Japan,False,C
814,Company 814 Ltd,Technology,1690511,1516,1957,France,True,A
815,Company 815 Corp,Technology,40679776,2138,1998,Japan,True,A
816,Company 816 LLC,Finance,19868165,7660,1959,Japan,False,C
817,Company 817 Systems,Education,44900481,5308,1982,Canada,True,C
818,Company 818 Inc,Manufacturing,26177862,5460,1957,UK,False,B
819,Company 819 Services,Technology,33098890,3297,2000,Canada,False,A
820,Company 820 LLC,Retail,29040937,3588,1963,Germany,False,A
821,Company 821 Inc,Technology,4825291,9370,1982,Australia,False,A
822,Company 822 Services,Healthcare,43913050,24,1954,Japan,False,C
823,Company 823 LLC,Education,22234574,6421,1950,France,False,D
824,Company 824 Systems,Manufacturing,48939644,1158,2019,Canada,True,D
825,Company 825 Services,Technology,38167092,8780,1995,UK,False,D
826,Company 826 Inc,Education,43524428,1495,1996,France,False,A
827,Company 827 Services,Finance,43572623,3337,1972,France,True,D
828,Company 828 Ltd,Finance,46799869,6401,1963,Japan,False,D
829,Company 829 Corp,Education,29492591,3114,1967,USA,True,A
830,Company 830 Ltd,Manufacturing,26189747,1042,2019,Japan,False,D
831,Company 831 Services,Technology,2585892,5568,1957,UK,True,D
832,Company 832 Corp,Healthcare,43979126,8580,2008,Japan,True,B
833,Company 833 Corp,Technology,49455866,2329,2012,Japan,True,D
834,Company 834 Inc,Healthcare,47163232,2148,1951,Canada,True,C
835,Company 835 Corp,Manufacturing,41118675,2806,1958,Australia,True,A
836,Company 836 Services,Retail,41414131,3623,1958,Australia,True,D
837,Company 837 Solutions,Education,45626508,6596,1991,USA,True,C
838,Company 838 Ltd,Technology,39901277,2851,1992,USA,True,C
839,Company 839 LLC,Manufacturing,11377701,6070,2020,Canada,False,B
840,Company 840 Inc,Healthcare,6808728,6172,1970,USA,False,A
841,Company 841 Inc,Technology,12140192,1470,1986,Germany,False,B
842,Company 842 Ltd,Healthcare,43037976,4449,2016,Germany,False,B
843,Company 843 LLC,Retail,46517427,626,1973,Japan,False,A
844,Company 844 Group,Finance,28204244,84,1980,Canada,True,A
845,Company 845 Solutions,Retail,34160483,3602,2009,Australia,True,C
846,Company 846 Inc,Healthcare,7661767,2454,2010,Germany,True,B
847,Company 847 Inc,Technology,43375878,5976,1986,Canada,False,C
848,Company 848 Solutions,Retail,30510222,719,1963,Japan,True,B
849,Company 849 LLC,Technology,32651919,8446,1964,USA,True,D
850,Company 850 Solutions,Manufacturing,13437980,5346,1979,Australia,True,C
851,Company 851 Ltd,Technology,16012743,6769,1975,Germany,True,A
852,Company 852 Services,Retail,32608051,900,2005,Canada,True,D
853,Company 853 LLC,Manufacturing,25164159,2244,2008,Japan,True,C
854,Company 854 Group,Healthcare,22641286,2094,1954,Japan,True,C
855,Company 855 LLC,Technology,31341477,7523,2003,Canada,False,B
856,Company 856 Group,Retail,10621872,2794,2020,Australia,True,A
857,Company 857 Systems,Retail,32930555,3556,2010,Australia,False,C
858,Company 858 Inc,Education,28830000,4051,1981,UK,False,B
859,Company 859 LLC,Retail,440750,6854,1955,USA,False,A
860,Company 860 Systems,Retail,26562377,7862,1962,Germany,False,B
861,Company 861 Corp,Retail,933692,6672,1977,Canada,False,C
862,Company 862 Ltd,Education,6188754,270,2011,Japan,False,B
863,Company 863 Services,Retail,39268767,409,2008,Germany,True,D
864,Company 864 LLC,Finance,42164571,7617,1950,Australia,True,D
865,Company 865 Solutions,Retail,2295411,4869,2004,Australia,False,B
866,Company 866 Corp,Retail,22628088,908,2015,Japan,False,A
867,Company 867 Corp,Manufacturing,24634387,7634,1955,UK,False,B
868,Company 868 Corp,Retail,47702809,3364,1967,UK,True,A
869,Company 869 Services,Education,39031152,3447,1978,UK,False,C
870,Company 870 Systems,Finance,3754748,1048,1997,UK,False,D
871,Company 871 Corp,Manufacturing,47735568,8724,2018,UK,False,C
872,Company 872 Corp,Healthcare,30827412,1440,1960,Germany,True,C
873,Company 873 Corp,Technology,11157273,4531,1964,Japan,True,D
874,Company 874 LLC,Healthcare,35042755,381,1987,Germany,True,D
875,Company 875 Solutions,Manufacturing,29886943,361,1987,Canada,True,A
876,Company 876 Ltd,Retail,43363207,5513,2002,France,False,C
877,Company 877 Services,Retail,44784795,8696,2020,Germany,False,C
878,Company 878 LLC,Finance,11625083,4269,1979,Germany,False,C
879,Company 879 Inc,Healthcare,23797542,4669,2008,Canada,True,C
880,Company 880 LLC,Healthcare,47620535,2524,1970,Canada,True,A
881,Company 881 Solutions,Retail,8587493,7233,1983,UK,True,B
882,Company 882 Inc,Education,21369735,5643,1968,UK,False,B
883,Company 883 Group,Technology,1772702,6638,2013,Australia,True,D
884,Company 884 Solutions,Healthcare,388185,8958,2014,UK,False,D
885,Company 885 Group,Retail,44854078,2419,2006,UK,True,D
886,Company 886 Inc,Healthcare,45600369,9036,1964,UK,True,D
887,Company 887 Ltd,Manufacturing,24084275,1525,1991,USA,True,B
888,Company 888 Group,Healthcare,1613214,1379,2018,Australia,False,A
889,Company 889 Systems,Healthcare,33014573,5216,2015,USA,False,D
890,Company 890 LLC,Education,28798466,6066,1999,UK,True,C
891,Company 891 Solutions,Finance,20775257,7310,1961,Canada,False,D
892,Company 892 Services,Finance,11091783,6954,2003,Canada,True,B
893,Company 893 Ltd,Finance,31950747,8616,1992,USA,False,A
894,Company 894 Inc,Manufacturing,42969544,4488,2003,Canada,False,B
895,Company 895 Ltd,Healthcare,25720119,4752,2020,Germany,True,C
896,Company 896 Group,Manufacturing,37632716,7603,1978,USA,True,B
897,Company 897 Group,Finance,43086932,7752,1965,Japan,False,D
898,Company 898 LLC,Manufacturing,46260374,4019,1953,USA,False,D
899,Company 899 Corp,Retail,24377269,9530,2011,France,False,C
900,Company 900 Services,Education,8125125,6124,2015,Japan,True,C
901,Company 901 LLC,Retail,4026566,2404,1990,Germany,True,C
902,Company 902 LLC,Technology,18398597,5927,2003,Japan,False,A
903,Company 903 Group,Finance,35641681,1268,2015,Canada,True,A
904,Company 904 LLC,Retail,21749779,5190,1988,UK,False,A
905,Company 905 Solutions,Healthcare,965547,2253,2016,UK,False,D
906,Company 906 Systems,Finance,11040700,1688,1977,Canada,True,B
907,Company 907 Corp,Manufacturing,31003051,1261,1964,Australia,True,A
908,Company 908 Services,Finance,21009341,5950,1967,Australia,False,C
909,Company 909 LLC,Education,20547014,481,1965,Canada,True,B
910,Company 910 Ltd,Finance,8511705,3448,1966,USA,False,A
911,Company 911 Corp,Technology,32597795,7075,1955,Canada,True,A
912,Company 912 Inc,Manufacturing,8080734,4155,1955,USA,False,A
913,Company 913 Corp,Technology,40485575,3375,1975,Canada,False,A
914,Company 914 Corp,Healthcare,18714365,9508,1994,UK,True,B
915,Company 915 Corp,Technology,38897894,239,2017,Canada,True,C
916,Company 916 LLC,Retail,390509,1626,1977,France,False,C
917,Company 917 LLC,Manufacturing,45299544,1768,1973,Australia,False,D
918,Company 918 Systems,Healthcare,34610800,3738,2002,USA,False,A
919,Company 919 Services,Technology,34978327,2236,2013,Australia,False,C
920,Company 920 Inc,Technology,22119452,8098,1964,Germany,False,D
921,Company 921 Group,Education,29893374,3710,2020,Germany,False,D
922,Company 922 Ltd,Technology,32022129,6030,1972,USA,False,A
923,Company 923 Systems,Manufacturing,35175278,1402,1965,Canada,False,D
924,Company 924 Corp,Education,11422823,1070,1996,Canada,False,B
925,Company 925 Systems,Technology,15727616,6968,2013,UK,False,D
926,Company 926 Solutions,Manufacturing,44839936,9892,2001,Germany,False,B
927,Company 927 Services,Technology,8300036,4117,2012,Germany,True,B
928,Company 928 Inc,Technology,49612809,875,1958,Germany,True,B
929,Company 929 Systems,Retail,45680633,5366,1969,UK,True,A
930,Company 930 Services,Manufacturing,13651410,4819,2013,Germany,False,C
931,Company 931 Inc,Technology,28984084,1961,1999,Germany,False,D
932,Company 932 Services,Manufacturing,2514652,548,1972,France,False,B
933,Company 933 Services,Manufacturing,9125353,5129,1999,Germany,True,D
934,Company 934 Services,Manufacturing,37832321,2570,2014,USA,False,C
935,Company 935 Services,Retail,25453574,5789,1986,UK,True,A
936,Company 936 Inc,Healthcare,24689365,5725,1953,Australia,False,D
937,Company 937 Corp,Manufacturing,23262156,5865,2002,UK,True,B
938,Company 938 Ltd,Healthcare,43592102,5123,1960,Japan,True,C
939,Company 939 Corp,Finance,11493692,332,2018,UK,True,D
940,Company 940 Systems,Retail,34644946,6910,1984,USA,False,A
941,Company 941 Solutions,Manufacturing,38375778,6404,1991,France,True,D
942,Company 942 Corp,Education,45405952,3383,1993,Germany,False,B
943,Company 943 Group,Finance,29358869,3315,2013,Japan,True,B
944,Company 944 Group,Finance,3289775,4881,2001,Australia,True,A
945,Company 945 Corp,Retail,22704819,4488,1958,France,False,D
946,Company 946 Ltd,Finance,5244672,4955,2014,Australia,False,D
947,Company 947 Solutions,Healthcare,27904158,6601,1982,France,False,B
948,Company 948 Inc,Education,47299787,8467,1973,France,False,B
949,Company 949 Services,Finance,42910513,8738,2005,France,True,B
950,Company 950 Solutions,Manufacturing,10014911,3948,1969,Japan,False,D
951,Company 951 Systems,Finance,4423658,3345,2002,UK,False,B
952,Company 952 Group,Education,40448014,3878,2001,Canada,True,B
953,Company 953 Ltd,Technology,16581038,5097,2009,Germany,False,D
954,Company 954 Inc,Healthcare,10794367,4478,1967,USA,False,C
955,Company 955 LLC,Education,2934166,7970,1952,USA,True,C
956,Company 956 Group,Technology,27413767,5964,1961,Germany,True,B
957,Company 957 Corp,Retail,49390145,8206,1965,France,False,D
958,Company 958 Corp,Healthcare,40353327,2013,1990,UK,False,B
959,Company 959 Systems,Healthcare,9782326,1760,1972,Canada,False,D
960,Company 960 Systems,Finance,39659396,926,2012,France,False,A
961,Company 961 Solutions,Retail,28539482,7790,1981,UK,True,C
962,Company 962 Services,Education,24778565,5059,1952,Japan,True,A
963,Company 963 Ltd,Finance,37192941,6312,1989,Japan,False,A
964,Company 964 Ltd,Manufacturing,26169848,138,2000,UK,False,A
965,Company 965 Ltd,Finance,14218798,2635,2006,Japan,False,D
966,Company 966 Inc,Finance,5475054,8065,2010,Japan,False,C
967,Company 967 Systems,Technology,10860459,4285,2014,USA,False,D
968,Company 968 Solutions,Manufacturing,46754760,458,1956,Japan,True,D
969,Company 969 LLC,Technology,26987961,3288,1989,UK,True,A
970,Company 970 LLC,Healthcare,34752728,2141,2002,Australia,False,D
971,Company 971 Services,Education,9059691,4280,1972,Japan,False,C
972,Company 972 Ltd,Technology,27916384,6032,1973,Germany,False,B
973,Company 973 Inc,Technology,37582312,3757,1961,Germany,True,C
974,Company 974 LLC,Technology,27012997,7037,1983,Canada,True,C
975,Company 975 LLC,Retail,7975260,241,2017,Germany,False,D
976,Company 976 Corp,Healthcare,47986450,3338,1974,Australia,False,C
977,Company 977 Services,Manufacturing,8837529,7076,1976,France,True,C
978,Company 978 Ltd,Manufacturing,12204417,6703,1968,USA,False,C
979,Company 979 Ltd,Retail,30364533,4078,1997,France,False,A
980,Company 980 Inc,Manufacturing,9039231,5306,2000,Japan,True,D
981,Company 981 Systems,Education,40177141,4208,1959,USA,True,A
982,Company 982 Solutions,Healthcare,31703739,5814,1955,USA,False,D
983,Company 983 Group,Manufacturing,45147631,6086,1966,France,True,B
984,Company 984 Group,Healthcare,33905870,8084,1993,Germany,True,A
985,Company 985 Solutions,Education,35696138,7103,1968,UK,True,C
986,Company 986 Inc,Healthcare,33601457,4613,1996,Germany,False,C
987,Company 987 Group,Retail,21105766,7149,1971,UK,False,B
988,Company 988 Services,Technology,12778203,2445,1956,Canada,True,A
989,Company 989 Services,Finance,11075987,7663,2005,USA,False,A
990,Company 990 Services,Finance,47682140,9199,2012,Germany,False,A
991,Company 991 LLC,Technology,23561547,1543,1976,Australia,False,B
992,Company 992 LLC,Education,34240813,4479,1977,France,True,B
993,Company 993 Systems,Technology,16619345,8171,1962,UK,True,C
994,Company 994 Corp,Manufacturing,25169073,9682,1963,Australia,False,B
995,Company 995 Inc,Technology,30985725,7871,2008,Japan,False,A
996,Company 996 Solutions,Technology,44135008,7433,1991,Japan,True,B
997,Company 997 Inc,Education,19088722,5304,1957,Japan,True,D
998,Company 998 Corp,Manufacturing,17223759,2926,1980,Australia,False,A
999,Company 999 Inc,Healthcare,11034764,6375,2001,UK,True,A
1000,Company 1000 Group,Manufacturing,29115082,5090,1966,UK,True,C
